definitions,cohens,v_measure,rand_index,purity,normalized_mutual_info_score,silhouette
yesNo,0.0062251514864966051,0.008622476334894609,0.0021394566789267933,0.5717905405405406,0.010047840536167731,0.31208955398149002
average,0.0056349704434563996,0.0025075301099381935,-0.0010311868571723168,0.5481418918918919,0.0029370735305492878,0.31208955398149002
pss,0.017374509258192616,0.0088797665105295638,0.0021244375519824847,0.543918918918919,0.010320780281725029,0.31208955398149002
consensus,0.010111342802061385,0.0040957478745617688,-0.0032761505242890664,0.5025337837837838,0.004951351682773949,0.31208955398149002
